Workbook
Name LevelXP: Levels!$B$2:$B$41
Name LevelNo: Levels!$A$2:$A$41
Name RankLvl: Levels!$C$2:$C$8
Name RankName: Levels!$D$2:$D$8

Sheet Dashboard
B2: RED TEAM MASTERY — PROGRESS DASHBOARD
B3: From intermediate pentester to elite adversary-emulation operator
B5: TASKS DONE | C5: XP EARNED | D5: TOTAL XP | E5: % COMPLETE
B6: =COUNTIF(Roadmap!H2:H87,"Done")&" / 86" | C6: =SUM(Roadmap!I2:I87) | D6: =30850 | E6: =TEXT(SUM(Roadmap!I2:I87)/30850,"0%")
B8: LEVEL | C8: RANK
B9: =LOOKUP(SUM(Roadmap!I2:I87),LevelXP,LevelNo) | C9: =LOOKUP(B9,RankLvl,RankName)
B12: PROGRESS BY PHASE
B13: Phase | C13: Tasks Done | D13: Task Count | E13: XP Earned | F13: XP Total
B14: Phase 1 | C14: =COUNTIFS(Roadmap!B2:B87,B14,Roadmap!H2:H87,"Done") | D14: =COUNTIF(Roadmap!B2:B87,B14) | E14: =SUMIFS(Roadmap!I2:I87,Roadmap!B2:B87,B14) | F14: =SUMIFS(Roadmap!G2:G87,Roadmap!B2:B87,B14)
B15: Phase 2 | C15: =COUNTIFS(Roadmap!B2:B87,B15,Roadmap!H2:H87,"Done") | D15: =COUNTIF(Roadmap!B2:B87,B15) | E15: =SUMIFS(Roadmap!I2:I87,Roadmap!B2:B87,B15) | F15: =SUMIFS(Roadmap!G2:G87,Roadmap!B2:B87,B15)
B16: Phase 3 | C16: =COUNTIFS(Roadmap!B2:B87,B16,Roadmap!H2:H87,"Done") | D16: =COUNTIF(Roadmap!B2:B87,B16) | E16: =SUMIFS(Roadmap!I2:I87,Roadmap!B2:B87,B16) | F16: =SUMIFS(Roadmap!G2:G87,Roadmap!B2:B87,B16)
B17: Phase 4 | C17: =COUNTIFS(Roadmap!B2:B87,B17,Roadmap!H2:H87,"Done") | D17: =COUNTIF(Roadmap!B2:B87,B17) | E17: =SUMIFS(Roadmap!I2:I87,Roadmap!B2:B87,B17) | F17: =SUMIFS(Roadmap!G2:G87,Roadmap!B2:B87,B17)
B18: Phase 5 | C18: =COUNTIFS(Roadmap!B2:B87,B18,Roadmap!H2:H87,"Done") | D18: =COUNTIF(Roadmap!B2:B87,B18) | E18: =SUMIFS(Roadmap!I2:I87,Roadmap!B2:B87,B18) | F18: =SUMIFS(Roadmap!G2:G87,Roadmap!B2:B87,B18)
B19: Phase 6 | C19: =COUNTIFS(Roadmap!B2:B87,B19,Roadmap!H2:H87,"Done") | D19: =COUNTIF(Roadmap!B2:B87,B19) | E19: =SUMIFS(Roadmap!I2:I87,Roadmap!B2:B87,B19) | F19: =SUMIFS(Roadmap!G2:G87,Roadmap!B2:B87,B19)
B20: Tracks | C20: =COUNTIFS(Roadmap!B2:B87,B20,Roadmap!H2:H87,"Done") | D20: =COUNTIF(Roadmap!B2:B87,B20) | E20: =SUMIFS(Roadmap!I2:I87,Roadmap!B2:B87,B20) | F20: =SUMIFS(Roadmap!G2:G87,Roadmap!B2:B87,B20)
B21: Capstone | C21: =COUNTIFS(Roadmap!B2:B87,B21,Roadmap!H2:H87,"Done") | D21: =COUNTIF(Roadmap!B2:B87,B21) | E21: =SUMIFS(Roadmap!I2:I87,Roadmap!B2:B87,B21) | F21: =SUMIFS(Roadmap!G2:G87,Roadmap!B2:B87,B21)
B24: PROGRESS BY TRACK
B25: Track | C25: Tasks Done | D25: Task Count | E25: XP Earned | F25: XP Total
B26: Core | C26: =COUNTIFS(Roadmap!C2:C87,B26,Roadmap!H2:H87,"Done") | D26: =COUNTIF(Roadmap!C2:C87,B26) | E26: =SUMIFS(Roadmap!I2:I87,Roadmap!C2:C87,B26) | F26: =SUMIFS(Roadmap!G2:G87,Roadmap!C2:C87,B26)
B27: Technical | C27: =COUNTIFS(Roadmap!C2:C87,B27,Roadmap!H2:H87,"Done") | D27: =COUNTIF(Roadmap!C2:C87,B27) | E27: =SUMIFS(Roadmap!I2:I87,Roadmap!C2:C87,B27) | F27: =SUMIFS(Roadmap!G2:G87,Roadmap!C2:C87,B27)
B28: Tradecraft | C28: =COUNTIFS(Roadmap!C2:C87,B28,Roadmap!H2:H87,"Done") | D28: =COUNTIF(Roadmap!C2:C87,B28) | E28: =SUMIFS(Roadmap!I2:I87,Roadmap!C2:C87,B28) | F28: =SUMIFS(Roadmap!G2:G87,Roadmap!C2:C87,B28)
B29: Reporting | C29: =COUNTIFS(Roadmap!C2:C87,B29,Roadmap!H2:H87,"Done") | D29: =COUNTIF(Roadmap!C2:C87,B29) | E29: =SUMIFS(Roadmap!I2:I87,Roadmap!C2:C87,B29) | F29: =SUMIFS(Roadmap!G2:G87,Roadmap!C2:C87,B29)
B30: Detection | C30: =COUNTIFS(Roadmap!C2:C87,B30,Roadmap!H2:H87,"Done") | D30: =COUNTIF(Roadmap!C2:C87,B30) | E30: =SUMIFS(Roadmap!I2:I87,Roadmap!C2:C87,B30) | F30: =SUMIFS(Roadmap!G2:G87,Roadmap!C2:C87,B30)
B31: Purple | C31: =COUNTIFS(Roadmap!C2:C87,B31,Roadmap!H2:H87,"Done") | D31: =COUNTIF(Roadmap!C2:C87,B31) | E31: =SUMIFS(Roadmap!I2:I87,Roadmap!C2:C87,B31) | F31: =SUMIFS(Roadmap!G2:G87,Roadmap!C2:C87,B31)
B33: How to use: mark Status = 'Done' on the Roadmap tab. Earned XP, level, rank and all charts update automatically.

Sheet Roadmap
A1: ID | B1: Phase | C1: Track | D1: Category | E1: Task | F1: Difficulty | G1: XP | H1: Status | I1: Earned XP | J1: Date Done | K1: Notes
A2: P1-01 | B2: Phase 1 | C2: Core | D2: Learn | E2: Windows internals primitives: processes/threads, tokens & impersonation, integrity levels, UAC, LSASS, DPAPI, PPL | F2: ★★★ | G2: 120 | H2: Not Started | I2: =IF(H2="Done",G2,0)
A3: P1-02 | B3: Phase 1 | C3: Detection | D3: Learn | E3: Windows telemetry map: Security/Sysmon events, ETW, AMSI, WLDP, kernel callbacks (conceptual) | F3: ★★★ | G3: 120 | H3: Not Started | I3: =IF(H3="Done",G3,0)
A4: P1-03 | B4: Phase 1 | C4: Technical | D4: Learn | E4: PowerShell & .NET tooling fluency (read AND write tooling, not one-liners) | F4: ★★ | G4: 100 | H4: Not Started | I4: =IF(H4="Done",G4,0)
A5: P1-04 | B5: Phase 1 | C5: Technical | D5: Learn | E5: C# read-fluency + C basics: pointers, structs, calling conventions (Phase 3 gate) | F5: ★★★ | G5: 150 | H5: Not Started | I5: =IF(H5="Done",G5,0)
A6: P1-05 | B6: Phase 1 | C6: Core | D6: Learn | E6: AD 101 done properly: domain/forest/trusts, Kerberos vs NTLM, LDAP, GPO, DNS | F6: ★★★ | G6: 120 | H6: Not Started | I6: =IF(H6="Done",G6,0)
A7: P1-06 | B7: Phase 1 | C7: Core | D7: Lab | E7: Build hypervisor lab: DC + 2-3 workstations + Linux box, snapshots enabled | F7: ★★ | G7: 250 | H7: Not Started | I7: =IF(H7="Done",G7,0)
A8: P1-07 | B8: Phase 1 | C8: Detection | D8: Lab | E8: Install Sysmon (SwiftOnSecurity config) + ship logs to Wazuh/Elastic SIEM | F8: ★★★ | G8: 200 | H8: Not Started | I8: =IF(H8="Done",G8,0)
A9: P1-08 | B9: Phase 1 | C9: Core | D9: Lab | E9: Provision GOAD; map with BloodHound; explain every edge in English | F9: ★★★ | G9: 250 | H9: Not Started | I9: =IF(H9="Done",G9,0)
A10: P1-09 | B10: Phase 1 | C10: Core | D10: Exercise | E10: Dump & diff process tokens; escalate integrity level manually | F10: ★★ | G10: 100 | H10: Not Started | I10: =IF(H10="Done",G10,0)
A11: P1-10 | B11: Phase 1 | C11: Detection | D11: Exercise | E11: Trigger AMSI on a known-bad string; watch the event fire in your SIEM | F11: ★★ | G11: 100 | H11: Not Started | I11: =IF(H11="Done",G11,0)
A12: P1-11 | B12: Phase 1 | C12: Technical | D12: Exercise | E12: Write a C# tool that lists processes via P/Invoke (not System.Diagnostics) | F12: ★★★ | G12: 150 | H12: Not Started | I12: =IF(H12="Done",G12,0)
A13: P1-12 | B13: Phase 1 | C13: Core | D13: Assessment | E13: GATE: Explain Kerberos TGT/TGS exchange + where each attack plugs in (no notes) | F13: ★★★ | G13: 300 | H13: Not Started | I13: =IF(H13="Done",G13,0)
... A87: CAP-5B | B87: Capstone | C87: Core | D87: Capstone | E87: CAP-5B: Named-APT emulation #2 - a DIFFERENT actor with different tradecraft; measurably improve detection coverage | F87: ★★★★★ | G87: 2000 | H87: Not Started | I87: =IF(H87="Done",G87,0)

Sheet Levels
A1: LevelNo | B1: CumulativeXP | C1: RankLvl | D1: RankName
A2: 1 | B2: 0 | C2: 1 | D2: Initiate
A3: 2 | B3: 255 | C3: 5 | D3: Operator Cadet
A4: 3 | B4: 565 | C4: 10 | D4: Journeyman Operator
A5: 4 | B5: 930 | C5: 15 | D5: Adversary Emulator
A6: 5 | B6: 1350 | C6: 20 | D6: Senior Red Teamer
A7: 6 | B7: 1825 | C7: 25 | D7: Red Team Lead
A8: 7 | B8: 2355 | C8: 30 | D8: Elite APT Emulation Specialist
A9: 8 | B9: 2940
A10: 9 | B10: 3580
A11: 10 | B11: 4275
A12: 11 | B12: 5025
A13: 12 | B13: 5830
A14: 13 | B14: 6690
A15: 14 | B15: 7605
A16: 15 | B16: 8575
A17: 16 | B17: 9600
A18: 17 | B18: 10680
A19: 18 | B19: 11815
A20: 19 | B20: 13005
... A41: 40 | B41: 50700

Sheet Legend
B2: LEGEND & LEVELING
B4: Categories
B5: Learn | C5: Study/understand a concept or technique family
B6: Exercise | C6: Hands-on drill in your own lab
B7: Lab | C7: Full lab / range / Pro Lab environment
B8: Assessment | C8: Gate you must pass to advance (proves the skill)
B9: Milestone | C9: Certification or major checkpoint
B10: Track | C10: Ongoing parallel-track work (tradecraft, reporting, etc.)
B11: Capstone | C11: Independent end-to-end engagement simulation
B13: Tracks
B14: Core | C14: Main technical attack-chain progression
B15: Technical | C15: Offensive dev, exploit dev, maldev depth
B16: Tradecraft | C16: OPSEC, C2 infra, attribution discipline
B17: Reporting | C17: Executive + technical writing, engagement leadership
B18: Detection | C18: Detection-aware red teaming, Sigma/telemetry
B19: Purple | C19: Purple-team collaboration cycles
B21: Difficulty | C21: 1 star (foundational) to 5 stars (elite)
B22: Leveling | C22: Level up needs 200 + 55 x (level) XP each step; ranks unlock at levels 1/5/10/15/20/25/30
